,generated_peptides
0,MGFAVLYAHPEDYHHHHH
1,MNFAVLKAHREIYHHHHH
2,ENIKILDASRVDHHHHHH
3,MLNPPNIGHRESYNHEHH
4,SNLEWEQGDSKHYRHHHF
5,KAIWKRSIVPSINWHMAY
6,LEAYAWRSFDFGDRDSHY
7,ETCWDRHQERGSDNQQHN
8,QRDNMEKPLKEHNFVIDD
9,DVEQHTVKDGGRNIRHFW
10,STQKLLDDFFKVNGSL
11,STWGGLDSFFNVTGSL
12,LNQRKDKQYFKMHPKK
13,EQKCFLFDNFKSIESD
14,MYMGKTVWFDWDEYWP
15,GRYGRMGRTRKKKISG
16,GPEDRVKDVDHMTYER
17,EEEWNINDRSPEDDDH
18,HTEEENDGVIYWKSKK
19,EEQHWYMEEMMWGCIR
20,GELIGILNAAKVKAD
21,GELIQILNAAVVPND
22,DNLRTNLGSWNYYGQ
23,DELDPQLLPQKITPD
24,GKIDGEDNIPPVKQI
25,YCDIIHEPEGFNDSR
26,LEDIGWPRSQEWEIH
27,IGLPAMQKILYGPRV
28,MRIYEHKWGSRPTSM
29,DIIPNFDNPHIVDHL
30,MGAKRSREVDRDNIQ
31,GGAKRHRKVLRDKIQ
32,GNACDNGKVKRWYHL
33,LPPKRYRGVRDGNQG
34,AQQKSITENDGQMET
35,GSGWALLGKNRKVRC
36,GSKQLAHPNWEKYPE
37,MLLSKDQGRLYRYQP
38,SEDGEYMHRWPNIKG
39,GKKGRIIGGSRSHKR
40,SSGWSLDPITGYWSR
41,SSGWMLDPESGVVSR
42,SDQTGLQMQNKVGNR
43,HSSYIKFKISDFNSR
44,SFVYNNDYFQNDWSP
45,SDCDSSDPIKPRKNA
46,DEDPIHKGQVSDTWK
47,RIGSWAWNMKRPSIG
48,SGFTFEDSGNSWRAN
49,EEPRGRDGCMPKDFP
